,fseq,genrich,hmmratac,homer,macs2_variable,macs2_fixed
fseq,1,0.395651,0.403538,0.368198,0.725802,0.511033
genrich,0.395651,1,0.260461,0.447394,0.429287,0.419474
hmmratac,0.403538,0.260461,1,0.18741,0.452653,0.267389
homer,0.368198,0.447394,0.18741,1,0.330384,0.356929
macs2_variable,0.725802,0.429287,0.452653,0.330384,1,0.554981
macs2_fixed,0.511033,0.419474,0.267389,0.356929,0.554981,1
