,fseq,genrich,hmmratac,homer,macs2_variable,macs2_fixed
fseq,1,0.242494,0.32328,0.34123,0.584001,0.583555
genrich,0.242494,1,0.249994,0.473597,0.1572,0.157
hmmratac,0.32328,0.249994,1,0.238136,0.263481,0.263312
homer,0.34123,0.473597,0.238136,1,0.221131,0.22085
macs2_variable,0.584001,0.1572,0.263481,0.221131,1,0.998707
macs2_fixed,0.583555,0.157,0.263312,0.22085,0.998707,1
